Tatouage,CodeEx,Description,Tunnel,Picto,Extincteur
L10.122A,DEF-NSW-701/DEF,Niche sécurité NSW-701 - PAU NM01R - Tunnel de Nanterre-La Défense,LA_DEFENSE,S23.226A; ,J10.482E; J10.483F; 
L10.123C,DEF-NSW-702/DEF,Niche sécurité NSW-702 - PAU NM00R - Tunnel de Nanterre-La Défense,LA_DEFENSE,S23.227C; ,J10.484G; J10.485H; 
L10.124D,DEF-NSW-601/DEF,Niche sécurité NSW-601 - PAU NG01R - Tunnel de Nanterre-La Défense,LA_DEFENSE,S23.223W; ,J10.486J; J10.487K; 
L10.125E,DEF-NSW-602/DEF,Niche sécurité NSW-602 - PAU NG00S - Tunnel de Nanterre-La Défense,LA_DEFENSE,S23.224X; ,J10.488L; J10.489M; 
L10.126F,DEF-NSW-603/DEF,Niche sécurité NSW-603 - PAU NG00R - Tunnel de Nanterre-La Défense,LA_DEFENSE,S23.225Y; ,J10.491P; J10.492R; 
L10.129J,DEF-NSY-001/DEF,Niche sécurité NSY-001 - PAU NR00A - Tunnel de Nanterre-La Défense,LA_DEFENSE,S23.232H; ,J10.493S; J10.494T; 
L10.131L,DEF-NSY-002/DEF,Niche sécurité NSY-002 - PAU NR00B - Tunnel de Nanterre-La Défense,LA_DEFENSE,S23.233J; ,J10.495U; J10.496V; 
L10.132M,DEF-NSY-003/DEF,Niche sécurité NSY-003 - PAU NR00C - Tunnel de Nanterre-La Défense,LA_DEFENSE,S23.234K; ,J10.497W; J10.498X; 
L10.133N,DEF-NSY-004/DEF,Niche sécurité NSY-004 - PAU NR00D - Tunnel de Nanterre-La Défense,LA_DEFENSE,S23.235L; ,J10.499Y; J10.501C; 
L10.134P,DEF-NSY-005/DEF,Niche sécurité NSY-005 - PAU NR00E - Tunnel de Nanterre-La Défense,LA_DEFENSE,S23.236M; ,J10.502D; J10.503E; 
L10.135R,DEF-NSY-006/DEF,Niche sécurité NSY-006 - PAU NR00F - Tunnel de Nanterre-La Défense,LA_DEFENSE,S23.237N; ,J10.504F; J10.505G; 
L10.136S,DEF-NSY-007/DEF,Niche sécurité NSY-007 - PAU NR01A - Tunnel de Nanterre-La Défense,LA_DEFENSE,S23.238P; ,J10.506H; J10.507J; 
L10.137T,DEF-NSY-008/DEF,Niche sécurité NSY-008 - PAU NR01B - Tunnel de Nanterre-La Défense,LA_DEFENSE,S23.239R; ,J10.508K; J10.509L; 
L10.138U,DEF-NSY-009/DEF,Niche sécurité NSY-009 - PAU NR01C - Tunnel de Nanterre-La Défense,LA_DEFENSE,S23.241T; ,J10.511N; J10.512P; 
L10.139V,DEF-NSY-010/DEF,Niche sécurité NSY-010 - PAU NR01D - Tunnel de Nanterre-La Défense,LA_DEFENSE,S23.242U; ,J10.513R; J10.514S; 
L10.141X,DEF-NSY-011/DEF,Niche sécurité NSY-011 - PAU NR01E - Tunnel de Nanterre-La Défense,LA_DEFENSE,S23.243V; ,J10.515T; J10.516U; 
L10.142Y,DEF-NSY-012/DEF,Niche sécurité NSY-012 - PAU NR01F - Tunnel de Nanterre-La Défense,LA_DEFENSE,S23.244W; ,J10.517V; J10.518W; 
L10.143A,DEF-NSY-013/DEF,Niche sécurité NSY-013 - PAU NR02A - Tunnel de Nanterre-La Défense,LA_DEFENSE,S23.245X; ,J10.519X; J10.521A; 
L10.144C,DEF-NSY-501/DEF,Niche sécurité NSY-501 (n°9) - PAU NR01G - Tunnel de Nanterre-La Défense,LA_DEFENSE,S23.769W; ,J10.522C; J10.523D; 
L10.145D,DEF-NSY-502/DEF,Niche sécurité NSY-502 (n°11) - PAU NR02B - Tunnel de Nanterre-La Défense,LA_DEFENSE,S23.768V; ,J10.524E; J10.525F; 
L10.146E,DEF-NSY-014/DEF,Niche sécurité NSY-014 - PAU NR02C - Tunnel de Nanterre-La Défense,LA_DEFENSE,S23.246Y; ,J10.526G; J10.527H; 
L10.147F,DEF-NSY-015/DEF,Niche sécurité NSY-015 - PAU NR02D - Tunnel de Nanterre-La Défense,LA_DEFENSE,S23.247A; ,J10.528J; J10.529K; 
L10.148G,DEF-NSY-016/DEF,Niche sécurité NSY-016 - PAU NR02E - Tunnel de Nanterre-La Défense,LA_DEFENSE,S23.248C; ,J10.531M; J10.532N; 
L10.149H,DEF-NSY-017/DEF,Niche sécurité NSY-017 - PAU NR02F - Tunnel de Nanterre-La Défense,LA_DEFENSE,S23.249D; ,J10.533P; J10.534R; 
L10.151K,DEF-NSY-018/DEF,Niche sécurité NSY-018 - PAU NR03A - Tunnel de Nanterre-La Défense,LA_DEFENSE,S23.251F; ,J10.535S; J10.536T; 
L10.152L,DEF-NSY-019/DEF,Niche sécurité NSY-019 - PAU NR03B - Tunnel de Nanterre-La Défense,LA_DEFENSE,S23.252G; ,J10.537U; J10.538V; 
L10.153M,DEF-NSY-020/DEF,Niche sécurité NSY-020 - PAU NR03C - Tunnel de Nanterre-La Défense,LA_DEFENSE,S23.253H; ,J10.539W; J10.541Y; 
L10.154N,DEF-NSY-021/DEF,Niche sécurité NSY-021 - PAU NR03D - Tunnel de Nanterre-La Défense,LA_DEFENSE,S23.254J; ,J10.542A; J10.543C; 
L10.155P,DEF-NSY-022/DEF,Niche sécurité NSY-022 - PAU NR03E - Tunnel de Nanterre-La Défense,LA_DEFENSE,S23.255K; ,J10.544D; J10.545E; 
L10.156R,DEF-NSY-023/DEF,Niche sécurité NSY-023 - PAU NR03F - Tunnel de Nanterre-La Défense,ECHANGEUR_NANTERRE,S23.256L; ,J10.546F; J10.547G; 
L10.157S,DEF-NSY-024/DEF,Niche sécurité NSY-024 - PAU NR03G - Tunnel de Nanterre-La Défense,LA_DEFENSE,S23.257M; ,J10.548H; J10.549J; 
L10.158T,DEF-NSY-025/DEF,Niche sécurité NSY-025 - PAU NR04A - Tunnel de Nanterre-La Défense,LA_DEFENSE,S23.258N; ,J10.551L; J10.552M; 
L10.159U,DEF-NSW-001/DEF,Niche sécurité NSW-001 - PAU NR04R - Tunnel de Nanterre-La Défense,LA_DEFENSE,S23.103E; ,J10.553N; J10.554P; 
L10.161W,DEF-NSW-002/DEF,Niche sécurité NSW-002 - PAU NR03R - Tunnel de Nanterre-La Défense,LA_DEFENSE,S23.104F; ,J10.555R; J10.556S; 
L10.162X,DEF-NSW-003/DEF,Niche sécurité NSW-003 - PAU NR03S - Tunnel de Nanterre-La Défense,LA_DEFENSE,S23.105G; ,J10.557T; J10.558U; 
L10.163Y,DEF-NSW-004/DEF,Niche sécurité NSW-004 - PAU NR03T - Tunnel de Nanterre-La Défense,LA_DEFENSE,S23.106H; ,J10.559V; J10.561X; 
L10.164A,DEF-NSW-005/DEF,Niche sécurité NSW-005 - PAU NR03U - Tunnel de Nanterre-La Défense,LA_DEFENSE,S23.107J; ,J10.562Y; J10.563A; 
L10.165C,DEF-NSW-006/DEF,Niche sécurité NSW-006 - PAU NR03V - Tunnel de Nanterre-La Défense,LA_DEFENSE,S23.199T; ,J10.564C; J10.565D; 
L10.166D,DEF-NSW-007/DEF,Niche sécurité NSW-007 - PAU NR02R - Tunnel de Nanterre-La Défense,LA_DEFENSE,S23.201V; ,J10.566E; J10.567F; 
L10.167E,DEF-NSW-008/DEF,Niche sécurité NSW-008 - PAU NR02S - Tunnel de Nanterre-La Défense,LA_DEFENSE,S23.202W; ,J10.568G; J10.569H; 
L10.168F,DEF-NSW-009/DEF,Niche sécurité NSW-009 - PAU NR02T - Tunnel de Nanterre-La Défense,LA_DEFENSE,S23.203X; ,J10.571K; J10.572L; 
L10.169G,DEF-NSW-010/DEF,Niche sécurité NSW-010 - PAU NR02U - Tunnel de Nanterre-La Défense,LA_DEFENSE,S23.204Y; ,J10.573M; J10.574N; 
L10.171J,DEF-NSW-011/DEF,Niche sécurité NSW-011 - PAU NR02V - Tunnel de Nanterre-La Défense,LA_DEFENSE,S23.205A; ,J10.575P; J10.576R; 
L10.172K,DEF-NSW-501/DEF,Niche sécurité NSW-501 - PAU NR02X - Tunnel de Nanterre-La Défense,LA_DEFENSE,S23.221U; ,J10.577S; J10.578T; 
L10.173L,DEF-NSW-502/DEF,Niche sécurité NSW-502 - PAU NR01X - Tunnel de Nanterre-La Défense,LA_DEFENSE,S23.222V; ,J10.579U; J10.581W; 
L10.174M,DEF-NSW-012/DEF,Niche sécurité NSW-012 - PAU NR02W - Tunnel de Nanterre-La Défense,LA_DEFENSE,S23.206C; ,J10.582X; J10.583Y; 
L10.175N,DEF-NSW-013/DEF,Niche sécurité NSW-013 - PAU NR01R - Tunnel de Nanterre-La Défense,LA_DEFENSE,S23.207D; ,J10.584A; J10.585C; 
L10.176P,DEF-NSW-014/DEF,Niche sécurité NSW-014 - PAU NR01S - Tunnel de Nanterre-La Défense,LA_DEFENSE,S23.208E; ,J10.586D; J10.587E; 
L10.177R,DEF-NSW-015/DEF,Niche sécurité NSW-015 - PAU NR01T - Tunnel de Nanterre-La Défense,LA_DEFENSE,S23.209F; ,J10.588F; J10.589G; 
L10.178S,DEF-NSW-016/DEF,Niche sécurité NSW-016 - PAU NR01U - Tunnel de Nanterre-La Défense,LA_DEFENSE,S23.211H; ,J10.591J; J10.592K; 
L10.179T,DEF-NSW-017/DEF,Niche sécurité NSW-017 - PAU NR01V - Tunnel de Nanterre-La Défense,LA_DEFENSE,S23.212J; ,J10.593L; J10.594M; 
L10.181V,DEF-NSW-018/DEF,Niche sécurité NSW-018 - PAU NR00R - Tunnel de Nanterre-La Défense,LA_DEFENSE,S23.213K; ,J10.595N; J10.596P; 
L10.182W,DEF-NSW-019/DEF,Niche sécurité NSW-019 - PAU NR00S - Tunnel de Nanterre-La Défense,LA_DEFENSE,S23.214L; ,J10.597R; J10.598S; 
L10.183X,DEF-NSW-703/DEF,Niche sécurité NSW-703 - PAU NM00S - Tunnel de Nanterre-La Défense,LA_DEFENSE,S23.228D; ,J10.599T; J10.601V; 
L10.184Y,DEF-NSW-020/DEF,Niche sécurité NSW-020 - PAU NR00T - Tunnel de Nanterre-La Défense,LA_DEFENSE,S23.215M; ,
L10.185A,DEF-NSW-021/DEF,Niche sécurité NSW-021 - PAU NV00R - Tunnel de Nanterre-La Défense,LA_DEFENSE,S23.216N; ,J10.602W; J10.603X; 
L10.186C,DEF-NSW-022/DEF,Niche sécurité NSW-022 - PAU NV00S - Tunnel de Nanterre-La Défense,LA_DEFENSE,S23.217P; ,J10.604Y; J10.605A; 
L10.187D,DEF-NSW-023/DEF,Niche sécurité NSW-023 - PAU NR00U - Tunnel de Nanterre-La Défense,LA_DEFENSE,S23.218R; ,J10.606C; J10.607D; 
L10.197P,DEF-NSW-901/DEF,Niche sécurité NSW-901 - PAU NV00T - Tunnel de Nanterre-La Défense,LA_DEFENSE,S23.229E; ,J10.615M; J10.616N; 
L10.198R,DEF-NSW-024/DEF,Niche sécurité NSW-024 - PAU NR00V - Tunnel de Nanterre-La Défense,LA_DEFENSE,S23.219S; ,J10.608E; J10.609F; 
L10.199S,DEF-NSW-902/DEF,Niche sécurité NSW-902 - PAU - Tunnel de Nanterre-La Défense,LA_DEFENSE,S23.231G; ,
L10.201U,DEF-NSY-901/DEF,Niche sécurité NSY-901 - PAU NV00A - Tunnel de Nanterre-La Défense,LA_DEFENSE,S23.269C; ,J10.617P; J10.618R; 
L11.149X,DEF-NSY-601/DEF,Niche sécurité NSY-601 - PAU NG00A - Tunnel de Nanterre-La Défense,LA_DEFENSE,S23.771Y; ,J10.619S; J10.621U; 
L11.151A,DEF-NSY-602/DEF,Niche sécurité NSY-602 - PAU NG00B - Tunnel de Nanterre-La Défense,LA_DEFENSE,S23.264V; ,J10.622V; J10.623W; 
L11.152C,DEF-NSY-603/DEF,Niche sécurité NSY-603 - PAU NG00C - Tunnel de Nanterre-La Défense,LA_DEFENSE,S23.265W; ,J10.624X; J10.625Y; 
L11.153D,DEF-NSY-701/DEF,Niche sécurité NSY-701 - PAU NM00A - Tunnel de Nanterre-La Défense,LA_DEFENSE,S23.266X; ,J10.626A; J10.627C; 
L11.154E,DEF-NSY-702/DEF,Niche sécurité NSY-702 - PAU NM00B - Tunnel de Nanterre-La Défense,LA_DEFENSE,S23.267Y; ,J10.628D; J10.629E; 
L11.155F,DEF-NSY-703/DEF,Niche sécurité NSY-703 - PAU NM01A - Tunnel de Nanterre-La Défense,LA_DEFENSE,S23.268A; ,J10.631G; J10.632H; 
L11.156G,DEF-NSY-902/DEF,Niche sécurité NSY-902 - PAU NV00B - Tunnel de Nanterre-La Défense,LA_DEFENSE,S23.271E; ,J10.633J; J10.634K; 
L11.157H,ECH-NSW-301/DEF,Niche incendie NSW-301 - Tunnel de Nanterre-La Défense,ECHANGEUR_NANTERRE,S22.925S; S23.766T; ,J10.635L; J10.636M; 
L11.158J,ECH-NSW-302/DEF,Niche incendie NSW-302 - Tunnel de Nanterre-La Défense,ECHANGEUR_NANTERRE,S22.926T; S23.765S; ,J10.637N; J10.638P; 
L11.159K,ECH-NSW-303/DEF,Niche incendie NSW-303 - Tunnel de Nanterre-La Défense,ECHANGEUR_NANTERRE,S22.927U; S23.764R; ,J10.639R; J10.641T; 
L11.161M,ECH-NIW-304/DEF,Niche incendie NSW-304 - Tunnel de Nanterre-La Défense,ECHANGEUR_NANTERRE,S22.928V; S23.763P; ,J10.642U; J10.643V; 
L11.162N,ECH-NSW-304/DEF,Niche sécurité NSW-304 - PAU NR03Z - Tunnel de Nanterre-La Défense,ECHANGEUR_NANTERRE,S22.929W; ,J10.644W; J10.645X; 
L11.163P,ECH-NSW-801/DEF,Niche sécurité NSW-801 - PAU NR03X - Tunnel de Nanterre-La Défense,ECHANGEUR_NANTERRE,S22.931Y; ,J10.646Y; J10.647A; 
L11.164R,ECH-NSY-101/DEF,Niche sécurité NSY-101 - PAU NR03L - Tunnel de Nanterre-La Défense,ECHANGEUR_NANTERRE,S22.932A; ,J10.648C; J10.649D; 
L11.165S,ECH-NSY-102/DEF,Niche sécurité NSY-102 - PAU NR03M - Tunnel de Nanterre-La Défense,ECHANGEUR_NANTERRE,S22.933C; ,J10.651F; J10.652G; 
L11.166T,ECH-NSY-103/DEF,Niche sécurité NSY-103 - PAU NR03N - Tunnel de Nanterre-La Défense,ECHANGEUR_NANTERRE,S22.934D; ,J10.653H; J10.654J; 
L11.167U,ECH-NSY-104/DEF,Niche incendie NY-104 - Tunnel de Nanterre-La Défense,ECHANGEUR_NANTERRE,S22.935E; ,
L11.168V,ECH-NSY-401/DEF,Niche sécurité NSY-401 - PAU NR04G - Tunnel de Nanterre-La Défense,ECHANGEUR_NANTERRE,S22.936F; ,J10.657M; J10.658N; 
L11.169W,ECH-NSY-402/DEF,Niche incendie NSY-402 - Tunnel de Nanterre-La Défense,ECHANGEUR_NANTERRE,S22.937G; ,J10.659P; J10.661S; 
L11.171Y,ECH-NSY-403/DEF,Niche incendie NSY-403 - Tunnel de Nanterre-La Défense,ECHANGEUR_NANTERRE,S22.938H; ,J10.662T; J10.663U; 
L11.172A,ECH-NSY-404/DEF,Niche sécurité NSY-404 - PAU NR04B - Tunnel de Nanterre-La Défense,ECHANGEUR_NANTERRE,S22.939J; S23.767U; ,J10.664V; J10.665W; 
L11.232W,NAN-NSE-001/DEF,Niche sécurité NSE-001/NAN - PAU RW80S - Tunnel de Nanterre-La Défense,NANTERRE_CENTRE,S22.972X; ,J10.666X; J10.667Y; 
L11.233X,NAN-NSE-002/DEF,Niche sécurité NSE-002/NAN - PAU RW79R - Tunnel de Nanterre-La Défense,NANTERRE_CENTRE,S22.973Y; ,J10.668A; J10.669C; 
L11.234Y,NAN-NSE-003/DEF,Niche sécurité NSE-003/NAN - PAU RW79V - Tunnel de Nanterre-La Défense,NANTERRE_CENTRE,S22.974A; ,J10.671E; J10.672F; 
L11.235A,NAN-NSE-004/DEF,Niche sécurité NSE-004/NAN - PAU RW79U - Tunnel de Nanterre-La Défense,NANTERRE_CENTRE,S22.975C; ,J10.673G; J10.674H; 
L11.236C,NAN-NSE-005/DEF,Niche sécurité NSE-005/NAN - PAU RW79T - Tunnel de Nanterre-La Défense,NANTERRE_CENTRE,S22.976D; ,J10.675J; J10.676K; 
L11.237D,NAN-NSE-006/DEF,Niche sécurité NSE-006/NAN - PAU RW79S - Tunnel de Nanterre-La Défense,NANTERRE_CENTRE,S22.977E; ,J10.677L; J10.678M; 
L11.238E,NAN-NSI-001/DEF,Niche sécurité NSI-001/NAN - PAU RW79A - Tunnel de Nanterre-La Défense,NANTERRE_CENTRE,S22.978F; ,J10.679N; J10.681R; 
L11.239F,NAN-NSI-002/DEF,Niche sécurité NSI-002/NAN - PAU RW79B - Tunnel de Nanterre-La Défense,NANTERRE_CENTRE,S22.979G; ,J10.682S; J10.683T; 
L11.241H,NAN-NSI-003/DEF,Niche sécurité NSI-003/NAN - PAU RW79C - Tunnel de Nanterre-La Défense,NANTERRE_CENTRE,S22.981J; ,J10.684U; J10.685V; 
L11.242J,NAN-NSI-004/DEF,Niche sécurité NSI-004/NAN - PAU RW79D - Tunnel de Nanterre-La Défense,NANTERRE_CENTRE,S22.982K; ,J10.686W; J10.687X; 
L11.243K,NAN-NSI-005/DEF,Niche sécurité NSI-005/NAN - PAU RW79E - Tunnel de Nanterre-La Défense,NANTERRE_CENTRE,S22.983L; ,J10.688Y; J10.689A; 
L11.244L,NAN-NSI-006/DEF,Niche sécurité NSI-006/NAN - PAU RW80A - Tunnel de Nanterre-La Défense,NANTERRE_CENTRE,S22.984M; ,J10.691D; J10.692E; 
L11.245M,NSW-001/NEU,Niche sécurité NSW-001 - PAU SR01R - Tunnel de Neuilly,NEUILLY,S22.897J; ,J11.019T; J11.021V; 
L11.246N,NSW-002/NEU,Niche sécurité NSW-002 - PAU SR01S - Tunnel de Neuilly,NEUILLY,S22.898K; ,J11.022W; J11.023X; 
L11.247P,NSW-003/NEU,Niche sécurité NSW-003 - PAU SR01T - Tunnel de Neuilly,NEUILLY,S22.899L; ,J11.024Y; J11.025A; 
L11.248R,NSY-001/NEU,Niche sécurité NSY-001 - PAU SR01C - Tunnel de Neuilly,NEUILLY,S22.901N; ,J11.026C; J11.027D; 
L11.249S,NSY-002/NEU,Niche sécurité NSY-002 - PAU SR01B - Tunnel de Neuilly,NEUILLY,S22.902P; ,J11.028E; J11.029F; 
L11.251U,NSY-003/NEU,Niche sécurité NSY-003 - PAU SR01A - Tunnel de Neuilly,NEUILLY,S22.903R; ,J11.031H; J11.032J; 
L11.285K,NSW-001/SEV,Niche sécurité NSW-001 - PAU BU03S - Tunnel des Sévines,SEVINES,S23.356F; ,J11.099N; J11.101R; 
L11.286L,NSW-002/SEV,Niche sécurité NSW-002 - PAU BU03T - Tunnel des Sévines,SEVINES,S23.358H; ,J11.102S; J11.103T; 
L11.287M,NSEW/SEV,Niche sécurité NSEW - PAU BU03R - Entrée - Tunnel des Sévines,SEVINES,,J11.104U; J11.105V; 
L11.288N,NSY-001/SEV,Niche sécurité NSY-001 - PAU BU03A - Tunnel des Sévines,SEVINES,S23.361L; ,J11.106W; J11.107X; 
L11.289P,NSY-002/SEV,Niche sécurité NSY-002 - PAU BU03B - Tunnel des Sévines,SEVINES,S23.363N; ,J11.108Y; J11.109A; 
L11.291S,NSY-101/SEV,Niche sécurité NSY-101 - PAU BU03C - Sortie - Tunnel des Sévines,SEVINES,,J11.111D; J11.112E; 
L11.383A,ECH-NS-01 B5/DEF,Niche sécurité NS-01 sur Bretelle B5 - PAU NW04R - Tunnel de Nanterre-La Défense,ECHANGEUR_NANTERRE,S23.825N; ,J11.718A; J11.938A; 
L11.384C,ECH-NI-01 B5/DEF,Niche incendie NI-01 sur Bretelle B5 - Tunnel de Nanterre-La Défense,ECHANGEUR_NANTERRE,,
L11.385D,ECH-NI-02 B5/DEF,Niche incendie NI-02 sur Bretelle B5 - Tunnel de Nanterre-La Défense,ECHANGEUR_NANTERRE,,
L11.386E,ECH-NS-02 B5/DEF,Niche sécurité NS-02 sur Bretelle B5 - PAU NW04S - Tunnel de Nanterre-La Défense,ECHANGEUR_NANTERRE,S23.826P; ,J11.719C; J11.939C; 
L11.387F,ECH-NS-03 B5/DEF,Niche sécurité NS-03 sur Bretelle B5 - PAU NW04T - Tunnel de Nanterre-La Défense,ECHANGEUR_NANTERRE,S23.827R; ,J11.721E; J11.941E; 
L11.388G,ECH-NI-03 B5/DEF,Niche incendie NI-03 sur Bretelle B5 - Tunnel de Nanterre-La Défense,ECHANGEUR_NANTERRE,,
L11.389H,ECH-NS-04 B5/DEF,Niche sécurité NS-04 sur Bretelle B5 - PAU NW04U - Tunnel de Nanterre-La Défense,ECHANGEUR_NANTERRE,S23.828S; ,J11.722F; J11.942F; 
L11.861U,NSW-001/TRI,Niche sécurité NSW-001 - PAU NG01T - Tunnel Trinity,TRINITY,S23.833Y; ,J11.748L; J11.934H; 
L11.862V,NSW-002/TRI,Niche sécurité NSW-002 - PAU NG01S - Tunnel Trinity,TRINITY,S23.834A; ,J11.749M; J11.935J; 
L11.863W,NSY-001/TRI,Niche sécurité NSY-001 - PAU NG01A - Tunnel Trinity,TRINITY,S23.835C; ,J11.751P; J11.936K; 
L11.864X,NSY-002/TRI,Niche sécurité NSY-002 - PAU NG01B - Tunnel Trinity,TRINITY,S23.836D; ,J11.752R; J11.937L; 
L11.959L,NAN-NSEE/DEF,Niche sécurité NSEE/NAN - PAU RW80R - Tunnel de Nanterre-La Défense,NANTERRE_CENTRE,,
L11.111D,NSW-001/CHA,Niche sécurité NSW-001 - PAU MZ10S - Tunnel de Champigny,CHAMPIGNY,S23.494U; ,J10.395A; J10.396C; 
L11.112E,NSW-002/CHA,Niche sécurité NSW-002 - PAU MZ09R - Tunnel de Champigny,CHAMPIGNY,S23.498Y; ,J10.397D; J10.398E; 
L11.113F,NSW-003/CHA,Niche sécurité NSW-003 - PAU MZ09S - Tunnel de Champigny,CHAMPIGNY,S23.503F; ,J10.399F; J10.401H; 
L11.114G,NSW-004/CHA,Niche sécurité NSW-004 - PAU MZ09T - Tunnel de Champigny,CHAMPIGNY,S23.507K; ,J10.402J; J10.403K; 
L11.115H,NSW-005/CHA,Niche sécurité NSW-005 - PAU MZ09U - Tunnel de Champigny,CHAMPIGNY,S23.512R; ,J10.404L; J10.405M; 
L11.116J,NSW-006/CHA,Niche sécurité NSW-006 - PAU MZ09V - Tunnel de Champigny,CHAMPIGNY,S23.516V; ,J10.406N; J10.407P; 
L11.117K,NSW-007/CHA,Niche sécurité NSW-007 - PAU MZ09W - Tunnel de Champigny,CHAMPIGNY,S23.521C; ,J10.408R; J10.409S; 
L11.118L,NSW-008/CHA,Niche sécurité NSW-008 - PAU MZ09X - Tunnel Dreyer,CHAMPIGNY,S23.525G; ,J10.411U; J10.412V; 
L11.119M,NSW-009/CHA,Niche sécurité NSW-009 - PAU MZ08R - Tunnel Dreyer,CHAMPIGNY,S23.529L; ,J10.413W; J10.414X; 
L11.122R,NSY-002/CHA,Niche sécurité NSY-002 - PAU MZ09A - Tunnel de Champigny,CHAMPIGNY,S23.552N; ,J10.417C; J10.418D; 
L11.123S,NSY-003/CHA,Niche sécurité NSY-003 - PAU MZ09B - Tunnel de Champigny,CHAMPIGNY,S23.556T; ,J10.419E; J10.421G; 
L11.124T,NSY-004/CHA,Niche sécurité NSY-004 - PAU MZ09C - Tunnel de Champigny,CHAMPIGNY,S23.561Y; ,J10.422H; J10.423J; 
L11.125U,NSY-005/CHA,Niche sécurité NSY-005 - PAU MZ09D - Tunnel de Champigny,CHAMPIGNY,S23.565E; ,J10.424K; J10.425L; 
L11.126V,NSY-006/CHA,Niche sécurité NSY-006 - PAU MZ09E - Tunnel de Champigny,CHAMPIGNY,S23.569J; ,J10.426M; J10.427N; 
L11.127W,NSY-007/CHA,Niche sécurité NSY-007 - PAU MZ09F - Tunnel de Champigny,CHAMPIGNY,S23.574P; ,J10.428P; J10.429R; 
L11.128X,NSY-008/CHA,Niche sécurité NSY-008 - PAU MZ09G - Tunnel de Champigny,CHAMPIGNY,S23.578U; ,J10.431T; J10.432U; 
L11.129Y,NSY-009/CHA,Niche sécurité NSY-009 - PAU MZ10A - Tunnel de Champigny,CHAMPIGNY,S23.583A; ,J10.433V; J10.434W; 
L11.173C,NSE-001/MOU,Niche sécurité NSE-001 - PAU RE46S - Tunnel du Moulin,MOULIN,S23.187E; ,J10.984C; J10.985D; 
L11.174D,NSE-002/MOU,Niche sécurité NSE-002 - PAU RE45R - Tunnel du Moulin,MOULIN,S23.188F; ,J10.986E; J10.987F; 
L11.175E,NSE-003/MOU,Niche sécurité NSE-003 - PAU RE45S - Tunnel du Moulin,MOULIN,S23.189G; ,J10.988G; J10.989H; 
L11.176F,NSE-004/MOU,Niche sécurité NSE-004 - PAU RE45T - Tunnel du Moulin,MOULIN,S23.191J; ,J10.991K; J10.992L; 
L11.177G,NSI-001/MOU,Niche sécurité NSI-001 - PAU RE45B - Tunnel du Moulin,MOULIN,S23.192K; ,J10.993M; J10.994N; 
L11.178H,NSI-002/MOU,Niche sécurité NSI-002 - PAU RE45C - Tunnel du Moulin,MOULIN,S23.193L; ,J10.995P; J10.996R; 
L11.225N,NSE-001/MOQ,Niche sécurité NSE-001 - PAU RE44T - Tunnel Guy Môquet,GUY-MOQUET,S23.166E; ,J11.006D; J11.007E; 
L11.226P,NSE-002/MOQ,Niche sécurité NSE-002 - PAU RE44U - Tunnel Guy Môquet,GUY-MOQUET,S23.167F; ,J11.008F; J11.009G; 
L11.227R,NSE-003/MOQ,Niche sécurité NSE-003 - PAU RE43R - Tunnel Guy Môquet,GUY-MOQUET,S23.168G; ,J11.011J; J11.012K; 
L11.228S,NSI-001/MOQ,Niche sécurité NSI-001 - PAU RE43D - Tunnel Guy Môquet,GUY-MOQUET,S23.762N; ,J11.013L; J11.014M; 
L11.229T,NSI-002/MOQ,Niche sécurité NSI-002 - PAU RE44A - Tunnel Guy Môquet,GUY-MOQUET,S23.761M; ,J11.015N; J11.016P; 
L11.231V,NSI-003/MOQ,Niche sécurité NSI-003 - PAU RE44B - Tunnel Guy Môquet,GUY-MOQUET,S23.759K; ,J11.017R; J11.018S; 
L11.252V,NSE-001/NOG,Niche sécurité NSE-001 - PAU RE32R - Tunnel de Nogent,NOGENT,S23.733E; ,J11.033K; J11.034L; 
L11.253W,NSE-002/NOG,Niche sécurité NSE-002 - PAU RE32S - Tunnel de Nogent,NOGENT,S23.734F; ,J11.035M; J11.036N; 
L11.254X,NSE-003/NOG,Niche sécurité NSE-003 - PAU RE32T - Tunnel de Nogent,NOGENT,S23.735G; ,J11.037P; J11.038R; 
L11.255Y,NSE-004/NOG,Niche sécurité NSE-004 - PAU RE32U - Tunnel de Nogent,NOGENT,S23.736H; ,J11.039S; J11.041U; 
L11.256A,NSE-005/NOG,Niche sécurité NSE-005 - PAU RE31R - Tunnel de Nogent,NOGENT,S23.737J; ,J11.042V; J11.043W; 
L11.257C,NSE-006/NOG,Niche sécurité NSE-006 - PAU RE31S - Tunnel de Nogent,NOGENT,S23.738K; ,J11.044X; J11.045Y; 
L11.258D,NSE-007/NOG,Niche sécurité NSE-007 - PAU RE31T - Tunnel de Nogent,NOGENT,S23.739L; ,J11.046A; J11.047C; 
L11.259E,NSE-008/NOG,Niche sécurité NSE-008 - PAU RE31U - Tunnel de Nogent,NOGENT,S23.741N; ,J11.048D; J11.049E; 
L11.261G,NSE-009/NOG,Niche sécurité NSE-009 - PAU RE31V - Tunnel de Nogent,NOGENT,S23.742P; ,J11.051G; J11.052H; 
L11.262H,NSE-010/NOG,Niche sécurité NSE-010 - PAU RE31W - Tunnel de Nogent,NOGENT,S23.743R; ,J11.053J; J11.054K; 
L11.263J,NSE-011/NOG,Niche sécurité NSE-011 - PAU RE30R - Tunnel de Nogent,NOGENT,S23.744S; ,J11.055L; J11.056M; 
L11.264K,NSE-012/NOG,Niche sécurité NSE-012 - PAU RE30S - Tunnel de Nogent,NOGENT,,J11.057N; J11.058P; 
L11.265L,NSI-001/NOG,Niche sécurité NSI-001 - PAU RE30A - Tunnel de Nogent,NOGENT,S23.745T; ,J11.059R; J11.061T; 
L11.266M,NSI-002/NOG,Niche sécurité NSI-002 - PAU RE30B - Tunnel de Nogent,NOGENT,S23.746U; ,J11.062U; J11.063V; 
L11.267N,NSI-003/NOG,Niche sécurité NSI-003 - PAU RE30C - Tunnel de Nogent,NOGENT,S23.747V; ,J11.064W; J11.065X; 
L11.268P,NSI-004/NOG,Niche sécurité NSI-004 - PAU RE31A - Tunnel de Nogent,NOGENT,S23.748W; ,J11.066Y; J11.067A; 
L11.269R,NSI-005/NOG,Niche sécurité NSI-005 - PAU RE31B - Tunnel de Nogent,NOGENT,S23.749X; ,J11.068C; J11.069D; 
L11.271T,NSI-006/NOG,Niche sécurité NSI-006 - PAU RE31C - Tunnel de Nogent,NOGENT,S23.751A; ,J11.071F; J11.072G; 
L11.272U,NSI-007/NOG,Niche sécurité NSI-007 - PAU RE31D - Tunnel de Nogent,NOGENT,S23.752C; ,J11.073H; J11.074J; 
L11.273V,NSI-008/NOG,Niche sécurité NSI-008 - PAU RE31E - Tunnel de Nogent,NOGENT,S23.753D; ,J11.075K; J11.076L; 
L11.274W,NSI-009/NOG,Niche sécurité NSI-009 - PAU RE32A - Tunnel de Nogent,NOGENT,S23.754E; ,J11.077M; J11.078N; 
L11.275X,NSI-010/NOG,Niche sécurité NSI-010 - PAU RE32B - Tunnel de Nogent,NOGENT,S23.755F; ,J11.079P; J11.081S; 
L11.276Y,NSI-011/NOG,Niche sécurité NSI-011 - PAU RE32C - Tunnel de Nogent,NOGENT,S23.756G; ,J11.082T; J11.083U; 
L11.277A,NSI-012/NOG,Niche sécurité NSI-012 - PAU RE32D - Tunnel de Nogent,NOGENT,S23.757H; ,J11.084V; J11.085W; 
L11.594C,NS-Y1,Niche sécurité NSY-001 - PAU BS17A - Tunnel de Boissy,BOISSY,S23.717K; ,J11.564S; J11.565T; 
L11.595D,NS-Y2,Niche sécurité NSY-002 - PAU BS17B - Tunnel de Boissy,BOISSY,S23.718L; ,J11.566U; J11.567V; 
L11.596E,NS-Y3,Niche sécurité NSY-003 - PAU BS17C - Tunnel de Boissy,BOISSY,S23.719M; ,J11.568W; J11.569X; 
L11.597F,NS-Y4,Niche sécurité NSY-004 - PAU BS17D - Tunnel de Boissy,BOISSY,S23.721P; ,J11.571A; J11.572C; 
L11.598G,NS-Y5,Niche sécurité NSY-005 - PAU BS18A - Tunnel de Boissy,BOISSY,S23.722R; ,J11.573D; J11.574E; 
L11.599H,NS-Y6,Niche sécurité NSY-006 - PAU BS18B - Tunnel de Boissy,BOISSY,S23.723S; ,J11.575F; J11.576G; 
L11.601K,NS-W1,Niche sécurité NSW-001 - PAU BS18R - Tunnel de Boissy,BOISSY,S23.711D; ,J11.577H; J11.578J; 
L11.602L,NS-W2,Niche sécurité NSW-002 - PAU BS18S - Tunnel de Boissy,BOISSY,S23.712E; ,J11.579K; J11.581M; 
L11.603M,NS-W3,Niche sécurité NSW-003 - PAU BS17R - Tunnel de Boissy,BOISSY,S23.713F; ,J11.582N; J11.583P; 
L11.604N,NS-W4,Niche sécurité NSW-004 - PAU BS17S - Tunnel de Boissy,BOISSY,S23.714G; ,J11.584R; J11.585S; 
L11.605P,NS-W5,Niche sécurité NSW-005 - PAU BS17T - Tunnel de Boissy,BOISSY,S23.715H; ,J11.586T; J11.587U; 
L11.606R,NS-W6,Niche sécurité NSW-006 - PAU BS17U - Tunnel de Boissy,BOISSY,S23.716J; ,J11.588V; J11.589W; 
L11.607S,NI-Y1,Niche incendie NIY-001 - Tunnel de Boissy,BOISSY,,
L11.608T,NI-Y2,Niche incendie NIY-002 - Tunnel de Boissy,BOISSY,,
L11.609U,NI-Y3,Niche incendie NIY-003 - Tunnel de Boissy,BOISSY,,
L11.611W,NI-Y4,Niche incendie NIY-004 - Tunnel de Boissy,BOISSY,,
L11.612X,NI-Y5,Niche incendie NIY-005 - Tunnel de Boissy,BOISSY,,
L11.613Y,NI-Y6,Niche incendie NIY-006 - Tunnel de Boissy,BOISSY,,
L11.614A,NI-W1,Niche incendie NIW-001 - Tunnel de Boissy,BOISSY,,
L11.615C,NI-W2,Niche incendie NIW-002 - Tunnel de Boissy,BOISSY,,
L11.616D,NI-W3,Niche incendie NIW-003 - Tunnel de Boissy,BOISSY,,
L11.617E,NI-W4,Niche incendie NIW-004 - Tunnel de Boissy,BOISSY,,
L11.618F,NI-W5,Niche incendie NIW-005 - Tunnel de Boissy,BOISSY,,
L11.619G,NI-W6,Niche incendie NIW-006 - Tunnel de Boissy,BOISSY,,
L11.742D,NSY-001/CHA,Niche sécurité NSY-001 - PAU MZ08A - Tunnel Dreyer,CHAMPIGNY,S23.547H; ,J11.673W; J11.674X; 
L11.769K,NSE/SAUSSAIE,Niche sécurité en entrée - PAU RE45U - Couverture de la Saussaie,MOULIN,S23.818F; ,J11.675Y; J11.957X; 
L11.771M,NSS/SAUSSAIE,Niche sécurité en sortie - PAU RE45V - Couverture de la Saussaie,MOULIN,S23.819G; ,J11.676A; J11.958Y; 
L11.066Y,NSE-001/BOB,Niche sécurité NSE-001 - PAU RN22S - Tunnel de Bobigny,BOBIGNY,S23.063G; ,J10.754D; J10.755E; 
L11.067A,NSE-002/BOB,Niche sécurité NSE-002 - PAU RN22T - Tunnel de Bobigny,BOBIGNY,S23.064H; ,J10.756F; J10.757G; 
L11.068C,NSE-003/BOB,Niche sécurité NSE-003 - PAU RN22U - Tunnel de Bobigny,BOBIGNY,S23.065J; ,J10.758H; J10.759J; 
L11.069D,NSE-004/BOB,Niche sécurité NSE-004 - PAU RN21R - Tunnel de Bobigny,BOBIGNY,S23.066K; ,J10.761L; J10.762M; 
L11.071F,NSE-005/BOB,Niche sécurité NSE-005 - PAU RN21S - Tunnel de Bobigny,BOBIGNY,S23.067L; ,J10.763N; J10.764P; 
L11.072G,NSE-006/BOB,Niche sécurité NSE-006 - PAU RN21T - Tunnel de Bobigny,BOBIGNY,S23.068M; ,J10.765R; J10.766S; 
L11.073H,NSE-008/BOB,Niche sécurité NSE-008 - PAU RN21U - Tunnel de Bobigny,BOBIGNY,S23.069N; ,J10.767T; J10.768U; 
L11.074J,NSE-010/BOB,Niche sécurité NSE-010 - PAU RN20R - Tunnel de Bobigny,BOBIGNY,S23.071R; ,J10.769V; J10.771X; 
L11.075K,NSE-012/BOB,Niche sécurité NSE-012 - PAU RN20S - Tunnel de Bobigny,BOBIGNY,S23.072S; ,J10.772Y; J10.773A; 
L11.076L,NSE-013/BOB,Niche sécurité NSE-013 - PAU RN20T - Tunnel de Bobigny,BOBIGNY,S23.073T; ,J10.774C; J10.775D; 
L11.077M,NSE-014/BOB,Niche sécurité NSE-014 - PAU RN20U - Tunnel de Bobigny,BOBIGNY,S23.074U; ,J10.776E; J10.777F; 
L11.078N,NSE-101/BOB,Niche sécurité NSE-101 - PAU RN20V - Tunnel de Bobigny,BOBIGNY,S23.075V; ,J10.778G; J10.779H; 
L11.079P,NSI-001/BOB,Niche sécurité NSI-001 - PAU RN20A - Tunnel de Bobigny,BOBIGNY,S23.076W; ,J10.781K; J10.782L; 
L11.081S,NSI-002/BOB,Niche sécurité NSI-002 - PAU RN20B - Tunnel de Bobigny,BOBIGNY,S23.077X; ,J10.783M; J10.784N; 
L11.082T,NSI-003/BOB,Niche sécurité NSI-003 - PAU RN20C - Tunnel de Bobigny,BOBIGNY,S23.078Y; ,J10.785P; J10.786R; 
L11.083U,NSI-004/BOB,Niche sécurité NSI-004 - PAU RN20D - Tunnel de Bobigny,BOBIGNY,S23.079A; ,J10.787S; J10.788T; 
L11.084V,NSI-006/BOB,Niche sécurité NSI-006 - PAU RN20E - Tunnel de Bobigny,BOBIGNY,S23.081D; ,J11.389J; J11.391L; 
L11.085W,NSI-008/BOB,Niche sécurité NSI-008 - PAU RN21A - Tunnel de Bobigny,BOBIGNY,S23.082E; ,J10.789U; J10.791W; 
L11.086X,NSI-010/BOB,Niche sécurité NSI-010 - PAU RN21B - Tunnel de Bobigny,BOBIGNY,S23.083F; ,J10.792X; J10.793Y; 
L11.087Y,NSI-011/BOB,Niche sécurité NSI-011 - PAU RN21C - Tunnel de Bobigny,BOBIGNY,S23.084G; ,J10.794A; J10.795C; 
L11.088A,NSI-013/BOB,Niche sécurité NSI-013 - PAU RN21D - Tunnel de Bobigny,BOBIGNY,S23.085H; ,J10.796D; J10.797E; 
L11.089C,NSI-014/BOB,Niche sécurité NSI-014 - PAU RN21E - Tunnel de Bobigny,BOBIGNY,S23.086J; ,J10.798F; J10.799G; 
L11.091E,NSI-015/BOB,Niche sécurité NSI-015 - PAU RN22A - Tunnel de Bobigny,BOBIGNY,S23.087K; ,J10.801J; J10.802K; 
L11.092F,NSI-016/BOB,Niche sécurité NSI-016 - PAU RN22B - Tunnel de Bobigny,BOBIGNY,S23.088L; ,J10.803L; J10.804M; 
L11.145T,NSE-001/COU,Niche sécurité NSE-001 - PAU RN15R - Tunnel de La Courneuve,LA_COURNEUVE,S23.411V; ,J10.805N; J10.806P; 
L11.146U,NSE-002/COU,Niche sécurité NSE-002 - PAU RN15S - Tunnel de La Courneuve,LA_COURNEUVE,S23.412W; ,J10.807R; J10.808S; 
L11.147V,NSI-001/COU,Niche sécurité NSI-001 - PAU RN15B - Tunnel de La Courneuve,LA_COURNEUVE,S23.413X; ,J10.809T; J10.811V; 
L11.148W,NSI-002/COU,Niche sécurité NSI-002 - PAU RN16A - Tunnel de La Courneuve,LA_COURNEUVE,S23.414Y; ,J10.812W; J10.813X; 
L11.194C,NSW-001/LAN,Niche sécurité NSW-001 - PAU AL01S - Tunnel du Landy,LANDY,S22.843U; ,J10.814Y; J10.815A; 
L11.195D,NSW-003/LAN,Niche sécurité NSW-003 - PAU AL01U - Tunnel du Landy,LANDY,S22.845W; ,J10.816C; J10.817D; 
L11.196E,NSW-005/LAN,Niche sécurité NSW-005 - PAU AL01W - Tunnel du Landy,LANDY,S22.847Y; ,J10.818E; J10.819F; 
L11.197F,NSW-007/LAN,Niche sécurité NSW-007 - PAU AL01Y - Tunnel du Landy,LANDY,S22.849C; ,J10.821H; J10.822J; 
L11.198G,NSW-009/LAN,Niche sécurité NSW-009 - PAU AL00S - Tunnel du Landy,LANDY,S22.852F; ,J10.823K; J10.824L; 
L11.199H,NSW-010/LAN,Niche sécurité NSW-010 - PAU AL00T - Tunnel du Landy,LANDY,S22.866W; ,J10.825M; J10.826N; 
L11.201K,NSW-011/LAN,Niche sécurité NSW-011 - PAU AL00U - Tunnel du Landy,LANDY,S22.867X; ,J10.827P; J10.828R; 
L11.202L,NSY-001/LAN,Niche sécurité NSY-001 - PAU AL00C - Tunnel du Landy,LANDY,S22.854H; ,J10.829S; J10.831U; 
L11.203M,NSY-002/LAN,Niche sécurité NSY-002 - PAU AL00D - Tunnel du Landy,LANDY,S22.855J; ,J10.832V; J10.833W; 
L11.204N,NSY-004/LAN,Niche sécurité NSY-004 - PAU AL01A - Tunnel du Landy,LANDY,S22.857L; ,J10.834X; J10.835Y; 
L11.205P,NSY-006/LAN,Niche sécurité NSY-006 - PAU AL01C - Tunnel du Landy,LANDY,S22.859N; ,J10.836A; J10.837C; 
L11.206R,NSY-008/LAN,Niche sécurité NSY-008 - PAU AL01E - Tunnel du Landy,LANDY,S22.863T; ,J10.838D; J10.839E; 
L11.207S,NSY-010/LAN,Niche sécurité NSY-010 - PAU AL01G - Tunnel du Landy,LANDY,S22.864U; ,J10.841G; J10.842H; 
L11.208T,NSEY/LAN,Niche sécurité NSEY - PAU AL00B - Tunnel du Landy,LANDY,S22.853G; ,J10.843J; J10.844K; 
L11.209U,NSE-001/LUN,Niche sécurité NSE-001 - PAU RN19R - Tunnel Lumen,LUMEN_NORTON,S23.126G; ,J10.845L; J10.846M; 
L11.211W,NSE-002/LUN,Niche sécurité NSE-002 - PAU RN19S - Tunnel Lumen,LUMEN_NORTON,S23.127H; ,J10.847N; J10.848P; 
L11.212X,NSE-003/LUN,Niche sécurité NSE-003 - PAU RN19T - Tunnel Lumen,LUMEN_NORTON,S23.128J; ,J10.849R; J10.851T; 
L11.213Y,NSE-004/LUN,Niche sécurité NSE-004 - PAU RN19U - Tunnel Lumen,LUMEN_NORTON,S23.129K; ,J10.852U; J10.853V; 
L11.214A,NSE-005/LUN,Niche sécurité NSE-005 - PAU RN19V - Tunnel Lumen-Norton,LUMEN_NORTON,S23.131M; ,
L11.215C,NSE-006/LUN,Niche sécurité NSE-006 - PAU RN19W - Tunnel Norton,LUMEN_NORTON,S23.132N; ,J10.854W; J10.855X; 
L11.216D,NSE-007/LUN,Niche sécurité NSE-007 - PAU RN18R - Tunnel Norton,LUMEN_NORTON,S23.133P; ,J10.856Y; J10.857A; 
L11.217E,NSI-001/LUN,Niche sécurité NSI-001 - PAU RN18C - Tunnel Norton,LUMEN_NORTON,S23.134R; ,J10.858C; J10.859D; 
L11.218F,NSI-002/LUN,Niche sécurité NSI-002 - PAU RN19A - Tunnel Norton,LUMEN_NORTON,S23.135S; ,J10.861F; J10.862G; 
L11.219G,NSI-003/LUN,Niche sécurité NSI-003 - PAU RN19B - Tunnel Lumen-Norton,LUMEN_NORTON,S23.136T; ,
L11.221J,NSI-004/LUN,Niche sécurité NSI-004 - PAU RN19C - Tunnel Lumen,LUMEN_NORTON,S23.137U; ,J10.863H; J11.956W; 
L11.222K,NSI-005/LUN,Niche sécurité NSI-005 - PAU RN19D - Tunnel Lumen,LUMEN_NORTON,S23.138V; ,J10.864J; J10.865K; 
L11.223L,NSI-006/LUN,Niche sécurité NSI-006 - PAU RN19E - Tunnel Lumen,LUMEN_NORTON,S23.139W; ,J10.866L; J10.867M; 
L11.224M,NSI-007/LUN,Niche sécurité NSI-007 - PAU RN19F - Tunnel Lumen,LUMEN_NORTON,S23.141Y; ,
L11.292T,NSW-001/TAV,Niche incendie NSW-001 Entrée Nord - Tunnel de Taverny,TAVERNY,S23.424L; ,J10.868N; J10.869P; 
L11.293U,NSW-002/TAV,Niche sécurité NSW-002 - PAU AT07S - Tunnel de Taverny,TAVERNY,S23.425M; ,J10.871S; J10.872T; 
L11.294V,NSW-003/TAV,Niche sécurité NSW-003 - PAU AT07T - Tunnel de Taverny,TAVERNY,S23.426N; ,J10.873U; J10.874V; 
L11.295W,NSW-004/TAV,Niche incendie NSW-004 Sortie Sud - Tunnel de Taverny,TAVERNY,S23.427P; ,J10.875W; J10.876X; 
L11.296X,NSY-001/TAV,Niche incendie NSY-001 Entrée Sud - Tunnel de Taverny,TAVERNY,S23.428R; ,J10.877Y; J10.878A; 
L11.297Y,NSY-002/TAV,Niche sécurité NSY-002 - PAU AT07A - Tunnel de Taverny,TAVERNY,S23.429S; ,J10.879C; J10.881E; 
L11.298A,NSY-003/TAV,Niche sécurité NSY-003 - PAU AT07B - Tunnel de Taverny,TAVERNY,S23.431U; ,J10.882F; J10.883G; 
L11.299C,NSY-004/TAV,Niche incendie NSY-004 Sortie Nord - Tunnel de Taverny,TAVERNY,S23.432V; ,J10.884H; J10.885J; 
L11.339Y,NSEW/LAN,Niche sécurité NSEW - PAU AL01R - Tunnel du Landy,LANDY,S22.812H; ,J11.407F; J11.415P; 
L11.341C,NSW-002/LAN,Niche sécurité NSW-002 - PAU AL01T - Tunnel du Landy,LANDY,S22.807C; ,J11.406E; J11.409H; 
L11.342D,NSW-004/LAN,Niche sécurité NSW-004 - PAU AL01V - Tunnel du Landy,LANDY,S22.808D; ,J11.408G; J11.412L; 
L11.343E,NSW-006/LAN,Niche sécurité NSW-006 - PAU AL01X - Tunnel du Landy,LANDY,S22.809E; ,J11.411K; J11.414N; 
L11.344F,NSW-008/LAN,Niche sécurité NSW-008 - PAU AL00R - Tunnel du Landy,LANDY,S22.811G; ,J11.413M; J11.416R; 
L11.345G,NSY-101/LAN,Niche sécurité NSY-101 - PAU AL01H - Tunnel du Landy,LANDY,S22.806A; ,J11.404C; J11.405D; 
L11.346H,NSY-009/LAN,Niche sécurité NSY-009 - PAU AL01F - Tunnel du Landy,LANDY,S22.805Y; ,J11.402Y; J11.403A; 
L11.347J,NSY-007/LAN,Niche sécurité NSY-007 - PAU AL01D - Tunnel du Landy,LANDY,S22.804X; ,J11.399V; J11.401X; 
L11.348K,NSY-005/LAN,Niche sécurité NSY-005 - PAU AL01B - Tunnel du Landy,LANDY,S22.803W; ,J11.397T; J11.398U; 
L11.349L,NSY-003/LAN,Niche sécurité NSY-003 - PAU AL00E - Tunnel du Landy,LANDY,S22.802V; ,J11.395R; J11.396S; 
L11.804C,NSI-007/BOB,Niche sécurité NSI-007 - PAU RN21F - Tunnel de Bobigny,BOBIGNY,S23.806R; ,J11.644M; J11.645N; 
L11.805D,NSI-009/BOB,Niche sécurité NSI-009 - PAU RN21G - Tunnel de Bobigny,BOBIGNY,S23.807S; ,J11.646P; J11.647R; 
L11.806E,NSI-012/BOB,Niche sécurité NSI-012 - PAU RN21H - Tunnel de Bobigny,BOBIGNY,S23.808T; ,J11.648S; J11.649T; 
L11.807F,NSE-007/BOB,Niche sécurité NSE-007 - PAU RN21V - Tunnel de Bobigny,BOBIGNY,S23.809U; ,J11.651V; J11.652W; 
L11.808G,NSE-011/BOB,Niche sécurité NSE-011 - PAU RN20W - Tunnel de Bobigny,BOBIGNY,S23.811W; ,J11.653X; J11.654Y; 
L11.809H,NSE-009/BOB,Niche sécurité NSE-009 - PAU RN21W - Tunnel de Bobigny,BOBIGNY,S23.812X; ,J11.655A; J11.656C; 
L11.811K,NSI-005/BOB,Niche sécurité NSI-005 - PAU RN20F - Tunnel de Bobigny,BOBIGNY,S23.813Y; ,J11.657D; J11.658E; 
L11.055L,NSE-001/ANT,Niche sécurité NSE-001 - PAU RS52R - Tunnel d'Antony,ANTONY,S23.329X; ,J10.092P; J10.093R; 
L11.056M,NSE-002/ANT,Niche sécurité NSE-002 - PAU RS52S - Tunnel d'Antony,ANTONY,S23.331A; ,J10.094S; J10.095T; 
L11.057N,NSE-003/ANT,Niche sécurité NSE-003 - PAU RS52T - Tunnel d'Antony,ANTONY,S23.332C; ,J10.096U; J10.097V; 
L11.058P,NSE-004/ANT,Niche sécurité NSE-004 - PAU RS52U - Tunnel d'Antony,ANTONY,S23.333D; ,J10.098W; J10.099X; 
L11.059R,NSE-005/ANT,Niche sécurité NSE-005 - PAU RS52V - Tunnel d'Antony,ANTONY,S23.334E; ,J10.101A; J10.102C; 
L11.061T,NSI-001/ANT,Niche sécurité NSI-001 - PAU RS52A - Tunnel d'Antony,ANTONY,S23.335F; ,J10.081C; J10.082D; 
L11.062U,NSI-002/ANT,Niche sécurité NSI-002 - PAU RS52B - Tunnel d'Antony,ANTONY,S23.336G; ,J10.083E; J10.084F; 
L11.063V,NSI-003/ANT,Niche sécurité NSI-003 - PAU RS52C - Tunnel d'Antony,ANTONY,S23.337H; ,J10.085G; J10.086H; 
L11.064W,NSI-004/ANT,Niche sécurité NSI-004 - PAU RS52D - Tunnel d'Antony,ANTONY,S23.338J; ,J10.087J; J10.088K; 
L11.065X,NSI-005/ANT,Niche sécurité NSI-005 - PAU RS52E - Tunnel d'Antony,ANTONY,S23.339K; ,J10.089L; J10.091N; 
L11.184P,NSE-001/FRE,Niche sécurité NSE-001 - PAU RS51S - Tunnel de Fresnes,FRESNES,S23.298L; ,J10.056W; J10.057X; 
L11.185R,NSE-002/FRE,Niche sécurité NSE-002 - PAU RS51T - Tunnel de Fresnes,FRESNES,S23.299M; ,J10.058Y; J10.059A; 
L11.186S,NSE-003/FRE,Niche sécurité NSE-003 - PAU RS51U - Tunnel de Fresnes,FRESNES,S23.301P; ,J10.061D; J10.062E; 
L11.187T,NSE-004/FRE,Niche sécurité NSE-004 - PAU RS51V - Tunnel de Fresnes,FRESNES,S23.302R; ,J10.063F; J10.064G; 
L11.188U,NSI-001/FRE,Niche sécurité NSI-001 - PAU RS50C - Tunnel de Fresnes,FRESNES,S23.303S; ,J10.065H; J10.066J; 
L11.189V,NSI-002/FRE,Niche sécurité NSI-002 - PAU RS51A - Tunnel de Fresnes,FRESNES,S23.304T; ,J10.067K; J10.068L; 
L11.191X,NSI-003/FRE,Niche sécurité NSI-003 - PAU RS51B - Tunnel de Fresnes,FRESNES,S23.305U; ,J10.069M; J10.071P; 
L11.192Y,NSI-004/FRE,Niche sécurité NSI-004 - PAU RS51C - Tunnel de Fresnes,FRESNES,S23.306V; ,J10.072R; J10.073S; 
L11.193A,NSI-005/FRE,Niche sécurité NSI-005 - PAU RS51D - Tunnel de Fresnes,FRESNES,S23.307W; ,J10.074T; J10.075U; 
L11.352P,NS01/BIC,Niche sécurité NS01 - PAU SB00W - Tunnel Bicêtre,BICETRE,S23.622W; ,J11.436P; J11.437R; 
L11.353R,NS02/BIC,Niche sécurité NS02 - PAU SB00F - Tunnel Bicêtre,BICETRE,S23.623X; ,J11.438S; J11.439T; 
L11.354S,NS03/BIC,Niche sécurité NS03 - PAU SB00V - Tunnel Bicêtre,BICETRE,S23.624Y; ,J11.441V; J11.442W; 
L11.355T,NS04/BIC,Niche sécurité NS04 - PAU SB00G - Tunnel Bicêtre,BICETRE,S23.625A; ,J11.443X; J11.444Y; 
L11.356U,NS05/BIC,Niche sécurité NS05 - PAU SB00U - Tunnel Bicêtre,BICETRE,S23.626C; ,J11.445A; J11.446C; 
L11.357V,NS06/BIC,Niche sécurité NS06 - PAU SB00H - Tunnel Bicêtre,BICETRE,S23.627D; ,J11.447D; J11.448E; 
L11.358W,NS07/BIC,Niche sécurité NS07 - PAU SB00T - Tunnel Bicêtre,BICETRE,S23.628E; ,J11.449F; J11.451H; 
L11.359X,NS08/BIC,Niche sécurité NS08 - PAU SB00I - Tunnel Bicêtre,BICETRE,S23.629F; ,J11.452J; J11.453K; 
L11.361A,NS09/BIC,Niche sécurité NS09 - PAU SB00S - Tunnel Bicêtre,BICETRE,S23.631H; ,J11.454L; J11.455M; 
L11.362C,NS10/BIC,Niche sécurité NS10 - PAU SB00J - Tunnel Bicêtre,BICETRE,S23.632J; ,J11.456N; J11.457P; 
L11.363D,NS11/BIC,Niche sécurité NS11 - PAU SB00R - Tunnel Bicêtre,BICETRE,S23.633K; ,J11.458R; J11.459S; 
L11.364E,NS12/BIC,Niche sécurité NS12 - PAU SB00K - Tunnel Bicêtre,BICETRE,S23.634L; ,J11.461U; J11.462V; 
L11.365F,NS13/BIC,Niche sécurité NS13 - PAU SB01V - Tunnel Bicêtre,BICETRE,S23.635M; ,J11.463W; J11.464X; 
L11.366G,NS14/BIC,Niche sécurité NS14 - PAU SB01A - Tunnel Bicêtre,BICETRE,S23.636N; ,J11.465Y; J11.466A; 
L11.367H,NS15/BIC,Niche sécurité NS15 - PAU SB01U - Tunnel Bicêtre,BICETRE,S23.637P; ,J11.467C; J11.468D; 
L11.368J,NS16/BIC,Niche sécurité NS16 - PAU SB01B - Tunnel Bicêtre,BICETRE,S23.638R; ,J11.469E; J11.471G; 
L11.369K,NS17/BIC,Niche sécurité NS17 - PAU SB01T - Tunnel Bicêtre,BICETRE,S23.639S; ,J11.472H; J11.473J; 
L11.371M,NS18/BIC,Niche sécurité NS18 - PAU SB01C - Tunnel Bicêtre,BICETRE,S23.641U; ,J11.474K; J11.475L; 
L11.372N,NS19/BIC,Niche sécurité NS19 - PAU SB01S - Tunnel Bicêtre,BICETRE,S23.642V; ,J11.476M; J11.477N; 
L11.373P,NS20/BIC,Niche sécurité NS20 - PAU SB01D - Tunnel Bicêtre,BICETRE,S23.643W; ,J11.478P; J11.479R; 
L11.374R,NS21/BIC,Niche sécurité NS21 - PAU SB01R - Tunnel Bicêtre,BICETRE,S23.644X; ,J11.481T; J11.482U; 
L11.375S,NS22/BIC,Niche sécurité NS22 - PAU SB01E - Tunnel Bicêtre,BICETRE,S23.645Y; ,J11.483V; J11.484W; 
L11.552C,NS1/ITA,Niche sécurité NS1 - PAU SB00A - Tunnel d'Italie,ITALIE,S23.683U; ,J11.514H; J11.515J; 
L11.553D,NS2/ITA,Niche sécurité NS2 - PAU SB00B - Tunnel d'Italie,ITALIE,S23.684V; ,J11.516K; J11.517L; 
L11.554E,NS3/ITA,Niche sécurité NS3 - PAU SB00C - Tunnel d'Italie,ITALIE,S23.685W; ,J11.518M; J11.519N; 
L11.555F,NS4/ITA,Niche sécurité NS4 - PAU SB00D - Tunnel d'Italie,ITALIE,S23.686X; ,J11.521R; J11.522S; 
L11.556G,NS5/ITA,Niche sécurité NS5 - PAU SB00E - Tunnel d'Italie,ITALIE,S23.687Y; ,J11.523T; J11.524U; 
L11.557H,NS6/ITA,Niche sécurité NS6 - PAU SB00X - Tunnel d'Italie,ITALIE,S23.688A; ,J11.512F; J11.513G; 
L11.643K,NSY-001/ORLY,Niche sécurité NSY-001 - PAU TY02A - Tunnel d'Orly,ORLY,S23.794C; ,J11.615D; J11.616E; 
L11.646N,NSY-002/ORLY,Niche sécurité NSY-002 - PAU TY02B - Tunnel d'Orly,ORLY,S23.792Y; ,J11.621K; J11.622L; 
L11.648R,NSY-003/ORLY,Niche sécurité NSY-003 - PAU TY02C - Tunnel d'Orly,ORLY,S23.789V; ,J11.624N; J11.625P; 
L11.649S,NSY-004/ORLY,Niche sécurité NSY-004 - PAU TY03A - Tunnel d'Orly,ORLY,S23.787T; ,J11.631W; J11.632X; 
L11.652V,NSY-005/ORLY,Niche sécurité NSY-005 - PAU TY03B - Tunnel d'Orly,ORLY,,J11.634A; J11.635C; 
L11.654X,NSY-006/ORLY,Niche sécurité NSY-006 - PAU TY03C - Tunnel d'Orly,ORLY,S23.783N; ,J11.637E; J11.638F; 
L11.655Y,NSW-006/ORLY,Niche sécurité NSW-006 - PAU TY03R - Tunnel d'Orly,ORLY,S23.782M; ,J11.598H; J11.599J; 
L11.658D,NSW-005/ORLY,Niche sécurité NSW-005 - PAU TY03S - Tunnel d'Orly,ORLY,,J11.601L; J11.602M; 
L11.661G,NSW-004/ORLY,Niche sécurité NSW-004 - PAU TY03T - Tunnel d'Orly,ORLY,S23.786S; ,J11.603N; J11.604P; 
L11.662H,NSW-003/ORLY,Niche sécurité NSW-003 - PAU TY02R - Tunnel d'Orly,ORLY,S23.788U; ,J11.606S; J11.607T; 
L11.664K,NSW-002/ORLY,Niche sécurité NSW-002 - PAU TY02S - Tunnel d'Orly,ORLY,S23.791X; ,J11.608U; J11.609V; 
L11.666M,NSW-001/ORLY,Niche sécurité NSW-001 - PAU TY02T - Tunnel d'Orly,ORLY,S23.793A; ,J11.611X; J11.612Y; 
L10.208D,NSE-001/BEL,Niche incendie NSE-001 (n°A07) - Tunnel de Belle-Rive,BELLE-RIVE,S23.015Y; ,J12.XXXX; J12.XXXY; 
L10.211G,NSE-003/BEL,Niche sécurité NSE-003 (n°A03) - PAU RW76S - Tunnel de Belle-Rive,BELLE-RIVE,S23.017C; ,J10.891R; J10.892S; 
L10.212H,NSI-006/BEL,Niche sécurité NSI-004 (n°A06) - PAU RW76I - Tunnel de Belle-Rive,BELLE-RIVE,S23.016A; ,J10.888M; J10.889N; 
L10.213J,NSE-002/BEL,Niche sécurité NSE-002 (n°A05) - PAU RW76Q - Tunnel de Belle-Rive,BELLE-RIVE,S23.028P; ,J10.886K; J10.887L; 
L10.214K,NSI-005/BEL,Niche sécurité NSI-005 (n°A04) - PAU RW76G - Tunnel de Belle-Rive,BELLE-RIVE,S23.027N; ,J10.893T; J10.894U; 
L10.215L,NSE-004/BEL,Niche sécurité NSE-004 (n°A01) - PAU RW76U - Tunnel de Belle-Rive,BELLE-RIVE,S23.018D; ,J10.895V; J10.896W; 
L10.216M,NSI-004/BEL,Niche sécurité NSI-004 (n°A02) - PAU RW76E - Tunnel de Belle-Rive,BELLE-RIVE,S23.026M; ,J10.897X; J10.898Y; 
L10.217N,NSE-005/BEL,Niche sécurité NSE-005 (n°P05) - PAU RW76W - Tunnel de Belle-Rive,BELLE-RIVE,S23.019E; ,J10.899A; J10.901D; 
L10.218P,NSI-003/BEL,Niche sécurité NSI-003 (n°P06) - PAU RW76C - Tunnel de Belle-Rive,BELLE-RIVE,S23.025L; ,J10.902E; J10.903F; 
L10.219R,NSE-006/BEL,Niche sécurité NSE-006 (n°P03) - PAU RW76Y - Tunnel de Belle-Rive,BELLE-RIVE,S23.021G; ,J10.904G; J10.905H; 
L10.221T,NSI-002/BEL,Niche sécurité NSI-002 (n°P04) - PAU RW76A - Tunnel de Belle-Rive,BELLE-RIVE,S23.024K; ,J10.906J; J10.907K; 
L10.222U,NSE-007/BEL,Niche sécurité NSE-007 (n°P01) - PAU RW75R - Tunnel de Belle-Rive,BELLE-RIVE,S23.022H; ,J10.908L; J10.909M; 
L10.223V,NSI-001/BEL,Niche sécurité NSI-001 (n°P02) - PAU RW75D - Tunnel de Belle-Rive,BELLE-RIVE,S23.023J; ,J10.911P; J10.912R; 
L11.093G,NSW-001/PAR,Niche sécurité NSW-001 - PAU MR01S - Tunnel Ambroise Paré,AMBROISE_PARE,S23.646A; ,J10.919Y; J10.921C; 
L11.094H,NSW-002/PAR,Niche sécurité NSW-002 - PAU MR01T - Tunnel Ambroise Paré,AMBROISE_PARE,S23.647C; ,J10.922D; J10.923E; 
L11.095J,NSW-003/PAR,Niche sécurité NSW-003 - PAU MR01U - Tunnel Ambroise Paré,AMBROISE_PARE,S23.648D; ,J10.924F; J10.925G; 
L11.096K,NSW-004/PAR,Niche sécurité NSW-004 - PAU MR01V - Tunnel Ambroise Paré,AMBROISE_PARE,S23.649E; ,J10.926H; J10.927J; 
L11.097L,NSW-005/PAR,Niche sécurité NSW-005 - PAU MR01W - Tunnel Ambroise Paré,AMBROISE_PARE,S23.651G; ,J10.928K; J10.929L; 
L11.098M,NSW-006/PAR,Niche sécurité NSW-006 - PAU MR01X - Tunnel Ambroise Paré,AMBROISE_PARE,S23.652H; ,J10.931N; J10.932P; 
L11.099N,NSW-007/PAR,Niche sécurité NSW-007 - PAU MR00R - Tunnel Ambroise Paré,AMBROISE_PARE,S23.653J; ,J10.933R; J10.934S; 
L11.102S,NSY-001/PAR,Niche sécurité NSY-001 - PAU MR00B - Tunnel Ambroise Paré,AMBROISE_PARE,S23.654K; ,J10.937V; J10.938W; 
L11.103T,NSY-002/PAR,Niche sécurité NSY-002 - PAU MR01A - Tunnel Ambroise Paré,AMBROISE_PARE,S23.655L; ,J10.939X; J10.941A; 
L11.104U,NSY-003/PAR,Niche sécurité NSY-003 - PAU MR01B - Tunnel Ambroise Paré,AMBROISE_PARE,S23.656M; ,J10.942C; J10.943D; 
L11.105V,NSY-004/PAR,Niche sécurité NSY-004 - PAU MR01C - Tunnel Ambroise Paré,AMBROISE_PARE,S23.657N; ,J10.944E; J10.945F; 
L11.106W,NSY-005/PAR,Niche sécurité NSY-005 - PAU MR01D - Tunnel Ambroise Paré,AMBROISE_PARE,S23.658P; ,J10.946G; J10.947H; 
L11.107X,NSY-006/PAR,Niche sécurité NSY-006 - PAU MR01E - Tunnel Ambroise Paré,AMBROISE_PARE,S23.659R; ,J10.948J; J10.949K; 
L11.108Y,NSY-007/PAR,Niche sécurité NSY-007 - PAU MR01F - Tunnel Ambroise Paré,AMBROISE_PARE,S23.661T; ,J10.951M; J10.952N; 
L11.131C,NSW-001/CLO,Niche sécurité NSW-001 - PAU MR04S - Tunnel de Saint-Cloud,SAINT-CLOUD,,J11.503U; J11.504V; 
L11.132D,NSW-002/CLO,Niche sécurité NSW-002 - PAU MR04T - Tunnel de Saint-Cloud,SAINT-CLOUD,S23.662U; ,J11.505W; J11.506X; 
L11.133E,NSW-003/CLO,Niche sécurité NSW-003 - PAU MR04U - Tunnel de Saint-Cloud,SAINT-CLOUD,S23.663V; ,J10.955S; J10.956T; 
L11.134F,NSW-004/CLO,Niche sécurité NSW-004 - PAU MR04V - Tunnel de Saint-Cloud,SAINT-CLOUD,S23.664W; ,J10.957U; J10.958V; 
L11.135G,NSW-005/CLO,Niche sécurité NSW-005 - PAU MR03R - Tunnel de Saint-Cloud,SAINT-CLOUD,S23.665X; ,J10.959W; J10.961Y; 
L11.136H,NSW-006/CLO,Niche sécurité NSW-006 - PAU MR03S - Tunnel de Saint-Cloud,SAINT-CLOUD,S23.666Y; ,J10.962A; J10.963C; 
L11.137J,NSY-001/CLO,Niche sécurité NSY-001 - PAU MR03A - Tunnel de Saint-Cloud,SAINT-CLOUD,,J11.509D; J11.511E; 
L11.138K,NSY-002/CLO,Niche sécurité NSY-002 - PAU MR03B - Tunnel de Saint-Cloud,SAINT-CLOUD,S23.669D; ,J10.968H; J10.969J; 
L11.139L,NSY-003/CLO,Niche sécurité NSY-003 - PAU MR03C - Tunnel de Saint-Cloud,SAINT-CLOUD,S23.671F; ,J10.971L; J10.972M; 
L11.141N,NSY-004/CLO,Niche sécurité NSY-004 - PAU MR03D - Tunnel de Saint-Cloud,SAINT-CLOUD,S23.672G; ,J10.973N; J10.974P; 
L11.142P,NSY-005/CLO,Niche sécurité NSY-005 - PAU MR04A - Tunnel de Saint-Cloud,SAINT-CLOUD,S23.673H; ,J10.975R; J10.976S; 
L11.143R,NSY-006/CLO,Niche sécurité NSY-006 - PAU MR04B - Tunnel de Saint-Cloud,SAINT-CLOUD,S23.674J; ,J10.977T; J10.978U; 
L11.144S,NSY-007/CLO,Niche sécurité NSY-007 - PAU MR04C - Tunnel de Saint-Cloud,SAINT-CLOUD,S23.675K; ,J10.979V; J10.981X; 
L11.179J,NSW-001/FON,Niche sécurité NSW-001 - PAU LR05S - Tunnel de Fontenay,FONTENAY,S23.446M; ,J11.883W; J11.884X; 
L11.181L,NSW-004/FON,Niche sécurité NSW-004 - PAU LR05V - Tunnel de Fontenay,FONTENAY,S23.447N; ,J11.885Y; J11.886A; 
L11.182M,NSY-001/FON,Niche sécurité NSY-001 - PAU LR05B - Tunnel de Fontenay,FONTENAY,S23.448P; ,J11.887C; J11.888D; 
L11.183N,NSY-004/FON,Niche sécurité NSY-004 - PAU LR05E - Tunnel de Fontenay,FONTENAY,S23.449R; ,J11.889E; J11.891G; 
L11.278C,NSW-001/CHE,Niche sécurité NSW-001 - PAU VR37U - Tunnel de Chennevières,CHENNEVIERES,S23.458C; ,J11.086X; J11.087Y; 
L11.279D,NSW-002/CHE,Niche sécurité NSW-002 - PAU VR37S - Tunnel de Chennevières,CHENNEVIERES,S23.459D; ,J11.088A; J11.089C; 
L11.281F,NSW-003/CHE,Niche sécurité NSW-003 - PAU VR37R - Tunnel de Chennevières,CHENNEVIERES,S23.461F; ,J11.091E; J11.092F; 
L11.282G,NSY-001/CHE,Niche sécurité NSY-001 - PAU VR37A - Tunnel de Chennevières,CHENNEVIERES,S23.462G; ,J11.093G; J11.094H; 
L11.283H,NSY-002/CHE,Niche sécurité NSY-002 - PAU VR37B - Tunnel de Chennevières,CHENNEVIERES,S23.463H; ,J11.095J; J11.096K; 
L11.284J,NSY-003/CHE,Niche sécurité NSY-003 - PAU VR37D - Tunnel de Chennevières,CHENNEVIERES,S23.464J; ,J11.097L; J11.098M; 
L11.516J,NSY-008/CLO,Niche sécurité NSY-008 - PAU MR04D - Tunnel de Saint-Cloud,SAINT-CLOUD,,J10.982Y; J10.983A; 
L11.517K,NSW-007/CLO,Niche sécurité NSW-007 - PAU MR03T - Tunnel de Saint-Cloud,SAINT-CLOUD,S23.667A; ,J10.964D; J10.965E; 
L11.518L,NSW-008/CLO,Niche sécurité NSW-008 - PAU MR03U - Tunnel de Saint-Cloud,SAINT-CLOUD,S23.668C; ,J10.966F; J10.967G; 
L11.519M,NSW-009/CLO,Niche sécurité NSW-009 - PAU MR03V - Tunnel de Saint-Cloud,SAINT-CLOUD,S23.709A; ,J11.508A; J11.507Y; 
L11.521P,NIY-001/CLO,Niche incendie NIY-001 - Tunnel de Saint-Cloud,SAINT-CLOUD,,
L11.522R,NIY-002/CLO,Niche incendie NIY-002 - Tunnel de Saint-Cloud,SAINT-CLOUD,,
L11.523S,NIY-003/CLO,Niche incendie NIY-003 - Tunnel de Saint-Cloud,SAINT-CLOUD,,
L11.524T,NIY-004/CLO,Niche incendie NIY-004 - Tunnel de Saint-Cloud,SAINT-CLOUD,,
L11.525U,NIY-005/CLO,Niche incendie NIY-005 - Tunnel de Saint-Cloud,SAINT-CLOUD,,
L11.526V,NIY-006/CLO,Niche incendie NIY-006 - Tunnel de Saint-Cloud,SAINT-CLOUD,,
L11.527W,NIW-001/PAR,Niche incendie NIW-001 - Tunnel Ambroise Paré,AMBROISE_PARE,,
L11.528X,NIW-002/PAR,Niche incendie NIW-002 - Tunnel Ambroise Paré,AMBROISE_PARE,,
L11.529Y,NIW-003/PAR,Niche incendie NIW-003 - Tunnel Ambroise Paré,AMBROISE_PARE,,
L11.531C,NIW-004/PAR,Niche incendie NIW-004 dans IS440 - Tunnel Ambroise Paré,AMBROISE_PARE,,
L11.532D,NIW-005/PAR,Niche incendie NIW-005 - Tunnel Ambroise Paré,AMBROISE_PARE,,
L11.533E,NIW-006/PAR,Niche incendie NIW-006 dans IS442 - Tunnel Ambroise Paré,AMBROISE_PARE,,
L11.534F,NIW-007/PAR,Niche incendie NIW-007 - Tunnel Ambroise Paré,AMBROISE_PARE,,
L11.535G,NIW-008/PAR,Niche incendie NIW-008 - Tunnel Ambroise Paré,AMBROISE_PARE,,
L11.536H,NIW-009/PAR,Niche incendie NIW-009 - Tunnel Ambroise Paré,AMBROISE_PARE,,
L11.537J,NIY-001/PAR,Niche incendie NIY-001 - Tunnel Ambroise Paré,AMBROISE_PARE,,
L11.538K,NIY-002/PAR,Niche incendie NIY-002 - Tunnel Ambroise Paré,AMBROISE_PARE,,
L11.539L,NIY-003/PAR,Niche incendie NIY-003 dans IS432 - Tunnel Ambroise Paré,AMBROISE_PARE,,
L11.541N,NIY-004/PAR,Niche incendie NIY-004 - Tunnel Ambroise Paré,AMBROISE_PARE,,
L11.542P,NIY-005/PAR,Niche incendie NIY-005 - Tunnel Ambroise Paré,AMBROISE_PARE,,
L11.543R,NIY-006/PAR,Niche incendie NIY-006 dans IS435 - Tunnel Ambroise Paré,AMBROISE_PARE,,
L11.544S,NIY-007/PAR,Niche incendie NIY-007 - Tunnel Ambroise Paré,AMBROISE_PARE,,
L11.545T,NIY-008/PAR,Niche incendie NIY-008 - Tunnel Ambroise Paré,AMBROISE_PARE,,
L11.546U,NIY-009/PAR,Niche incendie NIY-009 - Tunnel Ambroise Paré,AMBROISE_PARE,,
L11.938L,NSY-002/FON,Niche sécurité NSY-002 - PAU LR05C - Tunnel de Fontenay,FONTENAY,S23.901F; ,J11.896M; J11.897N; 
L11.939M,NS-421a/FON,Niche incendie de l'issue de secours n°421a,FONTENAY,,
L11.941P,NSY-003/FON,Niche sécurité NSY-003 - PAU LR05D - Tunnel de Fontenay,FONTENAY,S23.902G; ,J11.898P; J11.899R; 
L11.942R,NS-421b/FON,Niche incendie de l'issue de secours n°421b,FONTENAY,,
L11.943S,NSW-002/FON,Niche sécurité NSW-002 - PAU LR05T - Tunnel de Fontenay,FONTENAY,S23.903H; ,J11.892H; J11.893J; 
L11.944T,NS-423a/FON,Niche incendie de l'issue de secours n°423a,FONTENAY,,
L11.945U,NSW-003/FON,Niche sécurité NSW-003 - PAU LR05U - Tunnel de Fontenay,FONTENAY,S23.904J; ,J11.894K; J11.895L; 
L11.946V,NS-423b/FON,Niche incendie de l'issue de secours n°423b,FONTENAY,,
L11.947W,NSEY/FON,Niche sécurité - Entré Y - PAU LR05A - Tunnel de Fontenay,FONTENAY,S23.905K; ,J11.903V; J11.904W; 
L11.948X,NSSY/FON,Niche sécurité - Sortie Y - PAU LR05F - Tunnel de Fontenay,FONTENAY,S23.906L; ,J11.907A; J11.908C; 
L11.949Y,NSEW/FON,Niche sécurité - Entré W - PAU LR05R - Tunnel de Fontenay,FONTENAY,S23.907M; ,J11.905X; J11.906Y; 
L11.951C,NSSW/FON,Niche sécurité - Sortie W - PAU LR05W - Tunnel de Fontenay,FONTENAY,S23.908N; ,J11.901T; J11.902U; 
